{
	"info": {
		"_postman_id": "028f9eea-7a5c-43bc-a076-a4341fe2f1de",
		"name": "Builders",
		"schema": "https://schema.getpostman.com/json/collection/v2.1.0/collection.json"
	},
	"item": [
		{
			"name": "Buscar Todos Clientes",
			"protocolProfileBehavior": {
				"disableBodyPruning": true
			},
			"request": {
				"method": "GET",
				"header": [],
				"body": {
					"mode": "raw",
					"raw": "",
					"options": {
						"raw": {
							"language": "json"
						}
					}
				},
				"url": {
					"raw": "http://localhost:8080/cliente",
					"protocol": "http",
					"host": [
						"localhost"
					],
					"port": "8080",
					"path": [
						"cliente"
					]
				}
			},
			"response": []
		},
		{
			"name": "Buscar clientes por nome",
			"protocolProfileBehavior": {
				"disableBodyPruning": true
			},
			"request": {
				"method": "GET",
				"header": [],
				"body": {
					"mode": "raw",
					"raw": "{\n    \"id\": 1,\n    \"descricao\": \"Teste pasta\",\n    \"data\": \"2010-01-01\"\n}",
					"options": {
						"raw": {
							"language": "json"
						}
					}
				},
				"url": {
					"raw": "http://localhost:8080/cliente/buscarNome/Rafael",
					"protocol": "http",
					"host": [
						"localhost"
					],
					"port": "8080",
					"path": [
						"cliente",
						"buscarNome",
						"Rafael"
					]
				}
			},
			"response": []
		},
		{
			"name": "Salvar cliente",
			"request": {
				"method": "POST",
				"header": [],
				"body": {
					"mode": "raw",
					"raw": "{\n    \"nome\": \"Marcos Lopes\",\n    \"cpf\": \"02229329423\",\n    \"dataNascimento\": \"1990-09-23T03:33:28.616+00:00\"\n}",
					"options": {
						"raw": {
							"language": "json"
						}
					}
				},
				"url": {
					"raw": "http://localhost:8080/cliente",
					"protocol": "http",
					"host": [
						"localhost"
					],
					"port": "8080",
					"path": [
						"cliente"
					]
				}
			},
			"response": []
		},
		{
			"name": "Buscar cliente por cpf",
			"protocolProfileBehavior": {
				"disableBodyPruning": true
			},
			"request": {
				"method": "GET",
				"header": [],
				"body": {
					"mode": "raw",
					"raw": "{\n    \"id\": 1,\n    \"descricao\": \"Teste pasta\",\n    \"data\": \"2010-01-01\"\n}",
					"options": {
						"raw": {
							"language": "json"
						}
					}
				},
				"url": {
					"raw": "http://localhost:8080/cliente/buscarNome/Rafael",
					"protocol": "http",
					"host": [
						"localhost"
					],
					"port": "8080",
					"path": [
						"cliente",
						"buscarNome",
						"Rafael"
					]
				}
			},
			"response": []
		},
		{
			"name": "Atualizar cliente",
			"request": {
				"method": "PUT",
				"header": [],
				"body": {
					"mode": "raw",
					"raw": "{\n    \"nome\": \"Marcos Lopes Malta\",\n    \"cpf\": \"02229329423\",\n    \"dataNascimento\": \"1990-09-23T03:33:28.616+00:00\"\n}",
					"options": {
						"raw": {
							"language": "json"
						}
					}
				},
				"url": {
					"raw": "http://localhost:8080/cliente/3",
					"protocol": "http",
					"host": [
						"localhost"
					],
					"port": "8080",
					"path": [
						"cliente",
						"3"
					]
				}
			},
			"response": []
		},
		{
			"name": "Buscar clientes por id",
			"protocolProfileBehavior": {
				"disableBodyPruning": true
			},
			"request": {
				"method": "GET",
				"header": [],
				"body": {
					"mode": "raw",
					"raw": "{\n    \"id\": 1,\n    \"descricao\": \"Teste pasta\",\n    \"data\": \"2010-01-01\"\n}",
					"options": {
						"raw": {
							"language": "json"
						}
					}
				},
				"url": {
					"raw": "http://localhost:8080/cliente/1",
					"protocol": "http",
					"host": [
						"localhost"
					],
					"port": "8080",
					"path": [
						"cliente",
						"1"
					]
				}
			},
			"response": []
		}
	]
}